Residue,dG_mut,dDG
A19,-71.980,-0.033
A24,-71.925,0.021
A27,-67.914,4.033
A28,-69.607,2.340
A30,-72.256,-0.309
A31,-69.426,2.521
A34,-72.186,-0.239
A35,-71.278,0.669
A37,-69.720,2.227
A38,-71.704,0.243
A41,-64.303,7.644
A42,-75.981,-4.034
A45,-69.852,2.094
A79,-70.292,1.655
A82,-71.032,0.915
A83,-67.352,4.594
A324,-71.580,0.367
A325,-71.995,-0.049
A326,-71.811,0.135
A330,-72.524,-0.577
A353,-69.528,2.419
A354,-71.747,0.200
A355,-69.411,2.536
A357,-72.248,-0.301
A386,-71.999,-0.053
A393,-72.775,-0.828
E403,-71.005,0.942
E417,-71.607,0.340
E445,-71.684,0.263
E446,-71.765,0.182
E449,-71.344,0.603
E453,-77.390,-5.444
E455,-66.123,5.824
E456,-63.858,8.089
E473,-70.340,1.607
E475,-71.391,0.556
E476,-71.622,0.325
E477,-71.706,0.241
E484,-71.990,-0.043
E485,-71.879,0.068
E486,-57.174,14.772
E487,-74.766,-2.819
E489,-60.495,11.451
E490,-71.743,0.203
E493,-70.158,1.789
E496,-71.464,0.483
E498,-69.143,2.803
E500,-69.460,2.486
E501,-68.487,3.460
E502,-72.338,-0.392
E503,-71.332,0.614
E505,-58.882,13.065
